{"cameraMode":{"drawMode":0,"name":"Shaded","section":"Shading Mode"},"sceneLighting":true,"audioPlay":false,"sceneViewState":{"showFog":true,"showMaterialUpdate":false,"showSkybox":true,"showFlares":true,"showImageEffects":true,"showParticleSystems":true},"in2DMode":false,"pivot":{"x":0.4407430589199066,"y":3.281952381134033,"z":9.3156099319458},"rotation":{"x":0.11523791402578354,"y":-0.010430763475596905,"z":0.001205097883939743,"w":0.9932892918586731},"size":7.396162986755371,"orthographic":false}